{"cameraMode":{"drawMode":0,"name":"Shaded","section":"Shading Mode"},"sceneLighting":true,"audioPlay":false,"sceneViewState":{"showFog":true,"showMaterialUpdate":false,"showSkybox":true,"showFlares":true,"showImageEffects":true,"showParticleSystems":true},"in2DMode":false,"pivot":{"x":-0.11415481567382813,"y":-0.00002384185791015625,"z":0.08961677551269531},"rotation":{"x":-0.11354762315750122,"y":0.8828749656677246,"z":-0.3616822361946106,"w":-0.2771725356578827},"size":148.001220703125,"orthographic":false}