{"cameraMode":{"drawMode":0,"name":"Shaded","section":"Shading Mode"},"sceneLighting":true,"audioPlay":false,"sceneViewState":{"showFog":true,"showMaterialUpdate":false,"showSkybox":true,"showFlares":true,"showImageEffects":true,"showParticleSystems":true},"in2DMode":false,"pivot":{"x":5.7869415283203129,"y":-3.4715921878814699,"z":-15.92383861541748},"rotation":{"x":-0.11307504028081894,"y":0.8406550288200378,"z":-0.19267915189266206,"w":-0.4933438003063202},"size":12.156540870666504,"orthographic":false}