{"cameraMode":{"drawMode":0,"name":"Shaded","section":"Shading Mode"},"sceneLighting":false,"audioPlay":false,"sceneViewState":{"showFog":true,"showMaterialUpdate":false,"showSkybox":true,"showFlares":true,"showImageEffects":true,"showParticleSystems":true},"in2DMode":false,"pivot":{"x":-7.206999778747559,"y":1.7330000400543213,"z":1.6950000524520875},"rotation":{"x":0.5598769783973694,"y":-0.01216966938227415,"z":0.008225662633776665,"w":0.8284456133842468},"size":0.14289429783821107,"orthographic":false}