{"cameraMode":{"drawMode":0,"name":"Shaded","section":"Shading Mode"},"sceneLighting":true,"audioPlay":false,"sceneViewState":{"showFog":true,"showMaterialUpdate":false,"showSkybox":true,"showFlares":true,"showImageEffects":true,"showParticleSystems":true},"in2DMode":false,"pivot":{"x":-34.873992919921878,"y":-39.923858642578128,"z":87.80718994140625},"rotation":{"x":0.294220894575119,"y":-0.459346204996109,"z":0.16448421776294709,"w":0.8218151330947876},"size":267.25726318359377,"orthographic":false}