{"cameraMode":{"drawMode":0,"name":"Shaded","section":"Shading Mode"},"sceneLighting":true,"audioPlay":false,"sceneViewState":{"showFog":true,"showMaterialUpdate":false,"showSkybox":true,"showFlares":true,"showImageEffects":true,"showParticleSystems":true},"in2DMode":false,"pivot":{"x":-367.1412048339844,"y":371.3281555175781,"z":-137.53369140625},"rotation":{"x":0.44896289706230166,"y":-0.09219576418399811,"z":0.046636465936899188,"w":0.8875569105148315},"size":1459.8873291015625,"orthographic":false}