{"cameraMode":{"drawMode":0,"name":"Shaded","section":"Shading Mode"},"sceneLighting":false,"audioPlay":false,"sceneViewState":{"showFog":true,"showMaterialUpdate":false,"showSkybox":true,"showFlares":true,"showImageEffects":true,"showParticleSystems":true},"in2DMode":false,"pivot":{"x":-31.681461334228517,"y":-32.758338928222659,"z":40.59809875488281},"rotation":{"x":-0.23945191502571107,"y":0.007861139252781868,"z":-0.0019391831010580063,"w":-0.9708744883537293},"size":297.2605895996094,"orthographic":false}