{"cameraMode":{"drawMode":0,"name":"Shaded","section":"Shading Mode"},"sceneLighting":true,"audioPlay":false,"sceneViewState":{"showFog":true,"showMaterialUpdate":false,"showSkybox":true,"showFlares":true,"showImageEffects":true,"showParticleSystems":true},"in2DMode":false,"pivot":{"x":67.13595581054688,"y":-47.04585266113281,"z":-35.76059341430664},"rotation":{"x":0.2670089900493622,"y":0.7057395577430725,"z":-0.33337831497192385,"w":0.5652405023574829},"size":342.8665466308594,"orthographic":false}