{"cameraMode":{"drawMode":0,"name":"Shaded","section":"Shading Mode"},"sceneLighting":true,"audioPlay":false,"sceneViewState":{"showFog":true,"showMaterialUpdate":false,"showSkybox":true,"showFlares":true,"showImageEffects":true,"showParticleSystems":true},"in2DMode":false,"pivot":{"x":505.1102600097656,"y":348.1509704589844,"z":-12.736761093139649},"rotation":{"x":0.00035970041062682867,"y":0.9993870258331299,"z":-0.03330153226852417,"w":0.010794688016176224},"size":1186.5423583984375,"orthographic":false}