{"cameraMode":{"drawMode":0,"name":"Shaded","section":"Shading Mode"},"sceneLighting":false,"audioPlay":false,"sceneViewState":{"showFog":true,"showMaterialUpdate":false,"showSkybox":true,"showFlares":true,"showImageEffects":true,"showParticleSystems":true},"in2DMode":false,"pivot":{"x":0.04051327705383301,"y":1.0,"z":1.9500000476837159},"rotation":{"x":-0.08111344277858734,"y":0.604471743106842,"z":-0.06205974891781807,"w":-0.7900526523590088},"size":2.541658639907837,"orthographic":false}