{"cameraMode":{"drawMode":0,"name":"Shaded","section":"Shading Mode"},"sceneLighting":false,"audioPlay":false,"sceneViewState":{"showFog":true,"showMaterialUpdate":false,"showSkybox":true,"showFlares":true,"showImageEffects":true,"showParticleSystems":true},"in2DMode":false,"pivot":{"x":0.6200000047683716,"y":1.163140892982483,"z":-0.19044335186481477},"rotation":{"x":-0.37763670086860659,"y":0.3824242055416107,"z":-0.1750684529542923,"w":-0.8249202370643616},"size":2.160672664642334,"orthographic":false}