{"cameraMode":{"drawMode":0,"name":"Shaded","section":"Shading Mode"},"sceneLighting":false,"audioPlay":false,"sceneViewState":{"showFog":true,"showMaterialUpdate":false,"showSkybox":false,"showFlares":true,"showImageEffects":true,"showParticleSystems":true},"in2DMode":false,"pivot":{"x":0.041609879583120349,"y":1.2447837591171265,"z":1.079026222229004},"rotation":{"x":-0.028017127886414529,"y":0.7218356728553772,"z":-0.02923034131526947,"w":-0.6908791661262512},"size":1.409281849861145,"orthographic":false}