{"cameraMode":{"drawMode":0,"name":"Shaded","section":"Shading Mode"},"sceneLighting":false,"audioPlay":false,"sceneViewState":{"showFog":true,"showMaterialUpdate":false,"showSkybox":false,"showFlares":true,"showImageEffects":true,"showParticleSystems":true},"in2DMode":false,"pivot":{"x":-0.12683945894241334,"y":-0.03173404932022095,"z":1.411864161491394},"rotation":{"x":-0.20766831934452058,"y":0.5950536131858826,"z":-0.16274210810661317,"w":-0.7591443061828613},"size":4.19296932220459,"orthographic":false}