{"cameraMode":{"drawMode":0,"name":"Shaded","section":"Shading Mode"},"sceneLighting":false,"audioPlay":false,"sceneViewState":{"showFog":true,"showMaterialUpdate":false,"showSkybox":false,"showFlares":true,"showImageEffects":true,"showParticleSystems":true},"in2DMode":false,"pivot":{"x":-0.6195602416992188,"y":2.621328830718994,"z":1.6395390033721924},"rotation":{"x":0.0026990158949047329,"y":-0.8808091878890991,"z":0.005020477343350649,"w":0.4734371304512024},"size":4.041658401489258,"orthographic":true}