{"cameraMode":{"drawMode":0,"name":"Shaded","section":"Shading Mode"},"sceneLighting":true,"audioPlay":false,"sceneViewState":{"showFog":true,"showMaterialUpdate":true,"showSkybox":true,"showFlares":true,"showImageEffects":true,"showParticleSystems":true},"in2DMode":false,"pivot":{"x":9.663269996643067,"y":-4.62666130065918,"z":98.75975036621094},"rotation":{"x":0.13140079379081727,"y":0.6213985085487366,"z":-0.10673823207616806,"w":0.7649869322776794},"size":28.932147979736329,"orthographic":false}