{"cameraMode":{"drawMode":0,"name":"Shaded","section":"Shading Mode"},"sceneLighting":true,"audioPlay":false,"sceneViewState":{"showFog":false,"showMaterialUpdate":false,"showSkybox":false,"showFlares":false,"showImageEffects":false,"showParticleSystems":false},"in2DMode":false,"pivot":{"x":3.67030668258667,"y":1.7827274799346924,"z":87.840087890625},"rotation":{"x":0.08231215924024582,"y":0.7330766320228577,"z":-0.09017601609230042,"w":0.6690976619720459},"size":17.93926429748535,"orthographic":false}