{"cameraMode":{"drawMode":0,"name":"Shaded","section":"Shading Mode"},"sceneLighting":true,"audioPlay":false,"sceneViewState":{"showFog":true,"showMaterialUpdate":false,"showSkybox":true,"showFlares":true,"showImageEffects":true,"showParticleSystems":true},"in2DMode":false,"pivot":{"x":-0.5408768653869629,"y":4.423855781555176,"z":1.4636402130126954},"rotation":{"x":-0.06127658486366272,"y":0.9383752346038818,"z":-0.2269621342420578,"w":-0.25334832072257998},"size":19.045473098754884,"orthographic":false}